{"cameraMode":{"drawMode":0,"name":"Shaded","section":"Shading Mode"},"sceneLighting":true,"audioPlay":false,"sceneViewState":{"m_AlwaysRefresh":false,"showFog":true,"showSkybox":true,"showFlares":true,"showImageEffects":true,"showParticleSystems":true,"showVisualEffectGraphs":true,"m_FxEnabled":true},"in2DMode":false,"pivot":{"x":198.0510711669922,"y":0.7885386347770691,"z":15.857001304626465},"rotation":{"x":-0.11277986317873001,"y":-0.23337535560131074,"z":0.025630706921219827,"w":-0.9663245677947998},"size":15.49998664855957,"orthographic":true}