{"cameraMode":{"drawMode":0,"name":"Shaded","section":"Shading Mode"},"sceneLighting":false,"audioPlay":false,"sceneViewState":{"m_AlwaysRefresh":false,"showFog":true,"showSkybox":false,"showFlares":true,"showImageEffects":true,"showParticleSystems":true,"showVisualEffectGraphs":true,"m_FxEnabled":true},"in2DMode":false,"pivot":{"x":0.0017167925834655762,"y":0.6654572486877441,"z":0.031149446964263917},"rotation":{"x":-0.0028934055007994177,"y":0.9971523284912109,"z":-0.06290634721517563,"w":-0.0445559024810791},"size":0.8801288604736328,"orthographic":false}