{"cameraMode":{"drawMode":0,"name":"Shaded","section":"Shading Mode"},"sceneLighting":true,"audioPlay":false,"sceneViewState":{"m_AlwaysRefresh":false,"showFog":true,"showSkybox":true,"showFlares":true,"showImageEffects":true,"showParticleSystems":true,"showVisualEffectGraphs":true,"m_FxEnabled":true},"in2DMode":false,"pivot":{"x":9.303380966186524,"y":6.138107776641846,"z":-9.225409507751465},"rotation":{"x":-0.00040803331648930907,"y":0.982132077217102,"z":-0.0029838765040040018,"w":-0.19002336263656617},"size":25.695953369140626,"orthographic":false}